time,sensor_1,sensor_2
0,0.00036904600724477226,0.608591047942974
1,0.1896023296258093,0.7951315374338149
2,0.11758803132968013,0.6773793075506823
3,0.032246862950656485,0.5048013077286602
4,0.26223517767697524,0.9317842692171562
5,0.1998446950911837,0.607071102778782
6,0.6134483336335007,0.6236343800723271
7,1.0947758707945876,0.4093976709438235
8,0.6414711656668367,0.5630272752709966
9,0.6984059966041978,0.927070803508923
10,1.1257892996728605,0.36369182226066316
11,1.1789450325800175,0.7536764387618886
12,1.1951826257823355,0.9536580049025876
13,0.9746198622750122,0.6821057707538293
14,1.3335968491027848,0.8378932146056731
15,1.637875905127557,0.4997239808355841
16,1.1111265185392596,1.1068913791548505
17,1.4603013197248718,1.054415244097232
18,1.108402522002693,0.83729886129955
19,1.37098156828561,0.3383763309350506
20,1.282191670461526,0.5138382974168529
21,1.8387589006193141,1.0171592143278023
22,1.6012438133648277,1.198401355113539
23,2.1325825477192426,0.840907453202257
24,2.165408462589264,1.0747229884141971
25,2.1268626862268065,0.6066123683957355
26,6.7825585520878136,-3.3040610459775475
27,2.1423077450159043,0.7487715803706577
28,2.3456506007326885,0.8485586725098854
29,2.447598913344526,0.35445703578426496
30,2.0050374422828345,0.9652909691485007
31,2.3682420160888986,1.053830803176577
32,2.262475997161458,0.4287008421884661
33,7.8896063556763485,-3.6895139255961853
34,2.953998791886456,0.7878313522893596
35,2.4286390573773513,0.5282623277437145
36,2.6931601848997166,0.0904679853368292
37,2.9970786492902324,0.8763596459573837
38,2.5823401581281753,0.7038714020323441
39,2.7463728555846845,0.5363084162253512
40,2.8322864490578543,1.1740848511221191
41,2.834347294914866,0.6704778287283075
42,2.460569656470844,0.43721495256190934
43,2.8606216011225056,0.6404923651587348
44,3.2519556607976985,0.34464898445436953
45,2.3835518583178454,0.4035502998261078
46,3.105780798711376,0.6797461857300372
47,2.880958596252165,0.43367134372549504
48,2.646849829138483,0.44844892729438574
49,3.4305480054790634,0.9673256603274689
50,3.0472727672767768,0.7538434659126607
51,2.444070631275192,0.7284438033177985
52,2.808620827646472,0.6487313155225445
53,2.938887838206808,0.6263705108777463
54,2.686132283952141,0.858281986795985
55,2.921865887797742,0.47810701989614685
56,8.702363895330963,-2.204424176836029
57,2.857935684612143,0.22306254116821966
58,3.0560196655573484,0.3862538621873587
59,2.3861228562386567,0.09458387397429646
60,2.6118679442191852,0.3426478243972089
61,2.3718777237072173,0.5477171908113503
62,2.5069290389791727,0.7706100053156058
63,2.0685029406931217,0.23185294323017724
64,2.204920393903451,0.38911080352535554
65,2.2721439518015796,0.2883135274673339
66,2.5512743916074188,0.18404722922077676
67,2.5743158913199817,0.06220091322308274
68,1.7813700015987584,0.3658446902451673
69,1.8864053690539966,-0.09090084559064399
70,2.264047327083837,0.36150662663371236
71,1.4163567673613164,0.33120043824174966
72,1.8182877398365116,0.15396911965305687
73,1.870381146749207,0.05849378625088275
74,2.218297028974512,-0.04165963182356758
75,1.989061186290961,0.7658467547826568
76,1.6246719465665442,-0.04346588607578178
77,1.5525346666298385,0.675894892062618
78,1.5281233312968143,0.43139664386613485
79,2.0002462062707407,0.18569422065926577
80,1.3548442303729797,-0.0167544250810282
81,1.332398696000364,0.5294378218892004
82,1.469844985643126,0.6980238270872552
83,1.2688440167923434,0.029410547754175453
84,1.187464570835524,0.18605666838950025
85,0.8546976530010206,0.522007106723296
86,1.1285469347573003,0.341947766503197
87,0.942955256666206,0.7574456831722788
88,1.3709564157681124,0.11493528988303484
89,1.1633151465215155,0.39363177032274665
90,0.9077160295073154,-0.05350520788496166
91,1.0644598147095174,0.7849558937267418
92,0.7125005197746077,0.08074986416947175
93,5.764814596479708,-4.205191294548455
94,6.144615415903198,-5.106021657924104
95,0.8512989243686865,0.23917675732767865
96,0.24673454229513614,0.7577277731486358
97,0.6977821499764055,0.19955591416537177
98,0.04924618732842667,0.2871554680059099
99,-0.09071540516057874,0.4453649703578835
100,0.3950519460707122,0.7008980816140848
101,0.18534990326711587,0.29648693185785546
102,0.4759803415471857,0.5807683691809697
103,1.074208640723073,0.4596665201182185
104,6.178748830862729,-3.226314268805303
105,0.16966537923965194,0.369954866729421
106,6.9625848880252,-1.1431188356571926
107,0.4719694661908962,0.1445492804473085
108,0.2590818627818969,0.6894302695285908
109,0.2411191871538195,0.052696883178969034
110,0.5075347387571312,0.70562042733995
111,0.4497104299635364,0.6657902428112427
112,-0.01634071607245413,0.4189072725011464
113,0.273145098232217,0.26641506281915794
114,0.3137635507201815,0.4173936791492798
115,-0.003727393881661656,0.6090289394364052
116,0.4031896068061223,0.6940404564291931
117,0.08366201119246863,0.598044574443495
118,0.6516779397150637,0.7929789384587951
119,0.44009015480069325,0.4247993420621826
120,0.43446272805903363,0.6425898655922349
121,0.2589539795212925,0.21221275722727195
122,0.432444798113351,0.8161154751433759
123,-0.09637614775439352,0.6849586131912668
124,0.20157635993546485,0.5647623662600239
125,0.6910033904303494,0.9815574856572529
126,4.332873067895054,-3.1352597505839213
127,0.9276054035297538,0.03363265163720719
128,0.20003010804929333,0.7717209979445603
129,1.0040542388665707,0.4224890192306713
130,0.5794415786958966,1.0778673690907972
131,1.1256726923325897,1.4588773038684484
132,0.9929098785626065,0.7328160877166359
133,6.462617628559644,-3.5584188927282323
134,1.4596900170441278,0.8526182488678242
135,1.5869831715448093,1.030135996251174
136,1.2067277024643133,1.131000277604713
137,1.2186817727072892,1.319450038433822
138,1.3295863670145551,0.7789266428714774
139,1.1639021931803013,1.4471463458350236
140,1.8670427521824324,0.8501231433822078
141,1.4576377628928563,1.1813288157447719
142,1.6901057723345596,1.4310294069046265
143,1.5542465462557984,1.3492693627257228
144,1.6928943038501358,0.9661482165116659
145,1.5874780956771342,1.0553529628232898
146,2.439482371447526,1.1454942957011054
147,2.1090732800552883,1.2787105072080036
148,2.539269365642557,1.6088308423816489
149,2.3488202469299084,1.0298743649112194
150,2.23284794529128,1.5003632469306993
151,2.4404035717310064,1.567148423501627
152,2.4683504233368723,1.585282486490232
153,2.7374636993251658,1.593410093105783
154,2.7216719578838133,1.8875850610129727
155,2.843844679582468,1.6611590151460904
156,2.620083824341769,1.7846580493000417
157,2.891575618127388,1.7425066071859308
158,3.729830019491783,2.08107089835685
159,3.132108383709523,1.1889657400782514
160,3.11687027341394,2.015500433272725
161,3.6335434628589334,1.6606847546586263
162,4.053274690068048,1.6866259335942657
163,3.293007541151798,1.545173048428356
164,3.764029435478644,1.3509607969530664
165,7.388250901576283,-0.025307647023514956
166,3.4902768223552494,1.706986746610306
167,4.333443031817276,2.0323992008711538
168,4.1990776187195396,1.5706164016715511
169,4.3193355260431625,2.3261741059871444
170,4.1625332605435394,2.065587553900932
171,4.6134047287849365,1.9646884411270369
172,4.4022321269552895,1.8780775355662174
173,4.606404026815629,1.8870928717962003
174,4.400147822988858,1.829509160050577
175,4.449142369375119,2.00373548544893
176,5.293877814005284,2.168775046625047
177,4.818135049757172,2.149984407015076
178,5.132530650498344,1.867376510503277
179,5.1072737699532995,2.1808097019786135
180,5.054992166869651,2.04981945280422
181,5.102332865361181,2.33849973134461
182,5.508516157531635,2.789657588172326
183,5.29101449443763,2.5042534167310952
184,5.395470924654682,2.293745255050687
185,5.504082658781598,1.9893434355682875
186,5.9040053777377794,2.0649212020295256
187,5.805913570084169,2.0194465875924306
188,5.764269334754705,2.644620263447865
189,5.525124033434861,2.2933261084875456
190,5.321248728061033,2.521162851469358
191,6.059245286212237,2.3703725978557886
192,6.0997408084093845,2.5684731362069657
193,5.799863239391578,2.9153166447266337
194,6.033739104200765,2.4123012753376085
195,6.131519606914831,2.5163484213784675
196,6.1691598528954446,2.4174524865512614
197,6.215738124791489,2.854528267117209
198,5.818957862907809,2.3956899031766965
199,6.423262524855696,2.384490906824882
200,5.6047385757610515,2.3358161937117075
201,6.24401375524982,2.3449818869398995
202,6.137312419118097,2.82856128275279
203,6.251736296043534,3.3662220562126155
204,6.55078379143017,2.4875626463726377
205,6.426794755373141,2.9861196625931323
206,5.629277918836735,2.8221953283871697
207,5.454635260211104,2.4944560791162806
208,6.1917956050404435,2.7106872786657528
209,5.6248589305231524,2.730890826942337
210,5.905476199582306,2.625060418299252
211,6.1382168682722895,3.288362841525606
212,10.64505873900702,-3.8591815289059728
213,5.199581833981014,2.915006731718289
214,5.879692148738717,2.908695480220696
215,5.782109962632215,2.6863473338365886
216,5.65959527005718,2.873438595740238
217,5.707177579915639,3.0596548543562436
218,5.397574729628852,2.882012699696689
219,5.159720460060457,2.9511260201729597
220,5.519837930519427,3.022385375453716
221,5.232515896544249,2.3429100386185917
222,4.983412015118619,3.2216967130620566
223,5.578930532082784,3.422275921333501
224,5.3580290653545175,3.097924674169449
225,5.446195531473357,3.105605443854976
226,4.973918201333145,2.4990379840389396
227,5.018557788935538,2.8198603291674007
228,4.860449844564121,2.644292092119106
229,4.8373973864799105,2.697819204604776
230,5.104402203525317,3.0831824694318692
231,4.752564172272683,2.636756431230221
232,5.035365320686997,2.801030025798519
233,4.971099477392736,2.3517623913022745
234,5.417013629859162,2.784193695228673
235,4.331714137146673,2.840755781382165
236,4.95592781057765,2.6360739848883887
237,4.602765657131326,2.6259045053226004
238,4.565634672307978,3.270686371932554
239,4.075420200114026,2.489464222945819
240,4.313288293736644,2.521696651474059
241,4.615830478779709,2.5741959988446252
242,4.310335965138292,3.067914604435706
243,4.302411729990398,3.285036963389682
244,4.134827280007183,2.8338341320373828
245,4.51341266559203,2.5623141131990046
246,4.106772005549412,2.625296186827639
247,7.41357593144927,-1.4195143076201333
248,3.8019241805880934,2.484901797543835
249,3.3692969373884187,3.0657955789022417
250,2.936526253572299,3.0463984506548467
251,3.706685667449887,2.699324362705276
252,4.221397322903695,2.832665583606538
253,3.7930240482455577,2.8477915396810274
254,3.3867325785068325,3.0380098507571476
255,3.418040664352189,2.375596149461232
256,4.00342822837553,2.9226807907369436
257,3.6778547794481367,2.5224313009753057
258,3.613703869162154,2.413114272603556
259,3.5544996448216484,2.6195158384317594
260,3.5558671402952964,2.5290513377895074
261,3.7624263277814123,2.324569786200617
262,3.6657507448850772,2.160951448260101
263,3.5466515475921496,2.3136561866991276
264,3.153883728695001,2.9012392827496596
265,3.6077817862473047,3.0178559363909905
266,3.2398324418316653,2.678918999154068
267,3.7669171059942834,2.8021794442851657
268,3.054146567680959,2.3659488896487657
269,3.3939527828406115,2.4654979886118498
270,3.435920053979636,2.5452942950614417
271,7.890899149704666,-2.5011622562688407
272,3.969934047341397,2.2073907019264754
273,3.903830785225935,2.4696639742444746
274,8.939631333911741,-1.1669475524809698
275,3.73153593656795,2.1612679777009625
276,3.6355761402419784,2.515119912818622
277,2.7630556292457524,2.344310341796156
278,3.650581199367505,2.6574423747416542
279,3.588571734552404,2.3931293171716157
280,3.6666097477397246,2.3120319021211064
281,3.3563845999172663,2.4120898557010366
282,3.639549966883422,2.3306334085872407
283,3.710854480587158,2.200485331830847
284,4.1677710678549,2.2613000659440368
285,3.961671066787953,2.543875186381353
286,3.912618044645501,2.513334058199835
287,4.428805917630554,2.6689130027542625
288,3.86220234245459,1.9202386294468954
289,3.973379020985333,2.241838138333114
290,3.6093163066608644,2.233595574712774
291,4.6918419620113925,2.3778278706374754
292,4.579735199237061,2.2200188324436017
293,4.637294155446494,2.203474731353773
294,4.637109626248811,2.5267758468477717
295,4.5459944067448514,2.375374783900583
296,4.656325234714508,2.039651191484196
297,4.59693032934881,2.665835396969505
298,4.694333610112334,2.5829490708540104
299,4.856513333798321,2.1924167669439596
300,5.3804030174682635,2.5464729935813164
301,5.181909252668505,2.158215541963122
302,5.087621023568688,2.627397770816898
303,5.022793171413419,2.2961010681428697
304,5.098944204134683,2.1550578544069703
305,5.86435293887809,2.268330193124297
306,5.630791492829455,2.1766186237019816
307,5.595320141821826,2.4232163829881976
308,5.568373885976018,2.4267010114826877
309,5.4374662098507,2.4002587369855695
310,5.848733181862412,2.261178968227546
311,6.230028337894382,1.4947296478280796
312,5.949712288696065,2.4435190172202823
313,6.099119228697037,1.957203989533203
314,6.200948552033002,2.5039037255937853
315,6.400124404841724,2.7377892457069817
316,5.9892224883901335,2.53643446146301
317,6.496150534177757,2.3841115747836006
318,6.409732888385938,2.450641204169638
319,7.030218940483193,2.4771132386728993
320,6.63184004723362,2.388460809568631
321,11.516226245687921,0.6202909796160849
322,7.51435724673401,2.327433583991594
323,7.058530896431528,2.8726805724772135
324,7.06661263518818,2.589584963736539
325,7.39776375139111,2.850968045196237
326,7.431629572942499,2.5684002552716074
327,7.224598197945715,2.668545402853345
328,7.749831664448507,2.6280670769570644
329,8.303401128340356,2.8070905211077304
330,7.706713430834729,2.9193088428515876
331,7.80679050506926,2.7943838140853705
332,7.635684112061778,2.588339811472772
333,8.124306227205066,2.5846587278852873
334,14.302823493749996,-0.7848246868125397
335,7.848672472599452,2.7568481708547967
336,8.63722862568487,2.7784141407860785
337,8.051816192122189,3.242240810289758
338,8.715449860958028,3.1732071295402298
339,8.913331151304456,3.0603938053028394
340,8.596121566956015,2.8532028553700672
341,8.743891978860237,3.567879444801754
342,9.220288545103449,3.1047467643355473
343,8.629462446981345,3.170552631776014
344,8.56152175462919,3.0186964603122983
345,8.381422019453327,2.7359104283480584
346,8.844851884648438,2.784142092739603
347,9.31797210980354,3.2482366560622724
348,9.200902193390855,3.273406010830462
349,8.666066517884213,3.144685257554767
350,8.724602096239963,2.94126205294339
351,8.859314642765966,2.9035107721597657
352,9.124413255508298,3.211930755056095
353,8.998111875237766,2.9600372333037104
354,9.14381485770663,3.5791629317898095
355,9.185075118846358,3.673135561994755
356,9.01980260130151,4.122914707745211
357,9.10758119560289,3.666054867327754
358,9.18864280092164,3.329195861209765
359,9.105359641762368,3.2905189740611815
360,9.28237181259677,2.6766050494736384
361,9.690253592480243,3.4219721555125346
362,9.301203875149273,3.5576444297504946
363,9.131963305189057,3.875049802850389
364,8.598024549339549,3.817205271827745
365,9.20596947008557,3.842577596417739
366,8.488438078690088,3.7800402206986603
367,8.629787101583373,3.922942803135406
368,9.286205197970189,4.15061673104505
369,9.216328689802209,3.5533991195498924
370,8.931522435245967,3.7360758406620698
371,8.433024695581738,3.5339125420753574
372,8.801706045728316,4.316197952694009
373,8.674215015984496,4.266061731832401
374,9.031346409979434,4.160032551411501
375,9.477894840042493,3.7022277273335513
376,8.823855677227339,4.074774590932964
377,8.481202264766898,4.0023020304972805
378,8.31816947410844,4.110324950788164
379,8.605071279744173,4.071960222874377
380,8.519759419653523,4.277547448602635
381,8.176683175297006,4.0770996322253845
382,8.504943809479547,4.417366695442154
383,8.071333615478405,4.291634916196487
384,8.695599875616264,4.185210828945187
385,8.62503189522785,4.257325951004621
386,8.57496126305628,4.201552176639686
387,8.049772767808825,4.541165026248028
388,8.288073019275405,4.295393440026189
389,8.03522707276432,4.462103976821894
390,7.898863686178143,4.314944431233767
391,7.8540782220101075,4.065963230124922
392,7.506004665699478,4.687473808593627
393,7.402768008430807,4.219628387304554
394,8.014267935528986,4.676653734271655
395,7.65881567836878,4.634084666827089
396,7.721620618870621,4.136689410859164
397,7.8981343788254845,4.33563629732679
398,7.0191573454847775,4.463837865251412
399,7.246007258406967,4.407177577590657
400,7.476793819709391,4.336262016633179
401,7.485690056568807,4.8356461307776915
402,7.199850501682393,4.609000149123747
403,7.567800911215915,4.782957632644783
404,7.269521281372215,4.595963529625259
405,6.79114138555471,4.796369131566254
406,6.826191670686129,4.548080376606001
407,7.298950008194366,4.7444494375609985
408,7.150078088679557,4.911125240674427
409,6.3966685107725825,4.790887578168558
410,7.328100326462827,4.678664186903593
411,7.06263616660099,4.533961231265675
412,7.247810925496055,4.859583478269555
413,6.6935097463070825,4.915318388371601
414,6.686042024044187,4.775257024441415
415,6.405358717506008,4.657639077230655
416,7.4754070610306265,4.995094477374212
417,6.6352930017995355,5.488718652345342
418,7.140433267222849,4.800866701218506
419,6.448942575306241,4.968223699146445
420,6.674018290536922,4.985306456781719
421,6.108035644812924,4.255626928116922
422,13.221987052637294,0.06557140903930936
423,6.882460339742665,4.7312942380232546
424,6.205227099830862,5.25850030313874
425,6.89887327972127,4.852618911351721
426,6.677907194532729,4.7249068451743765
427,6.266190213919665,4.867236029704548
428,6.434672532593468,4.9654726544301315
429,6.4563675695948435,4.785236354374699
430,6.591344066534057,4.912844154796534
431,6.460658928334211,4.587692190004519
432,6.3918151683636415,4.8695752579805625
433,6.57032421923307,5.118906981569274
434,6.378529452658183,5.415835653612395
435,6.327823267265811,5.0981893129975635
436,6.731489245629788,4.987037263547329
437,7.045223480757143,5.211975140475394
438,6.359103728289416,5.167289348432996
439,6.859628633324626,5.324462411809783
440,6.707324145723364,5.174679162789072
441,6.655938086876266,4.869599978448777
442,7.2548767978272055,4.9582793894672275
443,6.896103833719867,4.932624489493699
444,7.556647610434988,4.957115281169144
445,6.931643831784919,4.9250015964124
446,7.342759451617725,4.672264804365117
447,7.222545908703456,4.334539201874857
448,7.131084703950953,4.684746180440066
449,7.60271818759276,4.338032687667422
450,7.451530734534205,4.853081021928236
451,7.753001351093488,4.828466677327417
452,7.634179825171988,4.39938891375736
453,7.401177816694798,4.981000656753427
454,7.77698997559278,5.0160930707307205
455,7.905920906042274,4.813523269145111
456,8.26253205497323,5.196438704556335
457,7.789603046904572,5.237198756303394
458,8.137900769351416,4.457361130796829
459,7.722968347409318,5.007448945823615
460,8.526316673959203,4.847752333060684
461,8.09915107742775,4.831261721001424
462,7.975689404016414,4.9493279321571055
463,8.594989190859714,4.524870492833582
464,9.04065216468407,4.5454471672882795
465,8.348718592063197,4.475700920480097
466,8.577538210699512,4.482442306794861
467,8.779528221818394,4.635328663818522
468,8.76276340895362,4.285798474421154
469,9.314955848114131,4.376149281052641
470,9.05871848472992,4.770837937575802
471,9.184434026851445,4.597657454996612
472,9.675870371347061,4.700165963755255
473,9.37411727338862,4.1212473967387
474,9.830273398319692,4.386859729871099
475,9.50833886776129,4.43337223250495
476,9.534948372275025,4.569929679604746
477,9.446184983875124,4.4049750048321386
478,10.652679636615389,4.774800361359557
479,14.396604116645142,0.10126478710136766
480,10.35980986802432,4.526326750744604
481,10.371883366933945,4.516119801503836
482,10.522537353947653,4.680666617765018
483,10.581470277779703,4.376990529544081
484,11.229594643305845,4.767027299250523
485,10.434453553028249,4.59330130066036
486,10.366221309970623,4.50899498888488
487,17.956020878654275,0.6805588449265061
488,10.602255305299254,4.586048932569947
489,11.308429573570102,4.703140595955843
490,11.410040702997598,4.679399028865517
491,10.952936866273326,4.531126213722627
492,10.899331259315193,4.650919058212293
493,11.282791434521583,4.45635543368261
494,11.876889589566337,4.735377026106468
495,10.681476649674718,4.411566834196384
496,11.750527145718689,3.8958859106443615
497,11.332328480984359,4.74609436256898
498,15.85189716932117,0.9129321655362315
499,11.44841494165148,4.114309710575732
500,11.740265753290503,4.356048541289708
501,11.425184113504342,4.183716996211884
502,11.632096918391166,4.92935446950773
503,12.38621641563155,4.528915429792514
504,12.258772329739157,4.0130828099950095
505,11.931140589888749,4.543150970865993
506,11.826509426705515,4.308864839210282
507,11.552191420949653,4.890283819281595
508,12.031840861218887,4.151057007913963
509,12.167087735797056,3.856228265934923
510,12.174369492934995,4.438824466381083
511,12.191476399879978,4.340344077680331
512,11.899900312288569,4.328825035658085
513,12.230196373795216,3.9039130653280876
514,12.248928163357023,4.5528108535564105
515,12.654982000578187,4.871967596364211
516,12.83196855591764,3.984531240908327
517,12.23186424067339,4.763402730278716
518,12.040989267357768,4.337863085896465
519,12.246249515692298,5.077381813277615
520,12.07530408557815,4.609863293265315
521,12.023734888479984,4.46527298940236
522,12.21482259824856,4.800592983969914
523,11.90251143923277,4.668406957701627
524,12.37761148873579,4.402074560439081
525,12.14213661231689,4.741664886877526
526,12.223168641723644,4.4509885660072825
527,12.06553429295213,4.1467180307097085
528,11.871961794696782,5.1175364120854825
529,11.773024191482891,4.538656458185619
530,11.951139644514601,4.490822241884278
531,11.820329318487348,4.745382956668328
532,12.015579152886126,4.289017362307267
533,11.9024421996392,4.359342187618114
534,11.451452874483767,4.592217243708742
535,11.83476649686383,4.6071624584772035
536,11.364474019671643,4.775591992987276
537,11.533415386923881,5.0593389755474485
538,11.579513956406162,4.68181561045598
539,10.993247101985247,4.945677040374427
540,11.589953217667876,4.99553984200857
541,11.553248047260332,4.597320377825705
542,11.404897265242514,4.949136140151267
543,11.26838126583309,4.680523141781469
544,11.226110305802202,5.2068042320286665
545,10.987011511007559,5.079699914686925
546,11.140237312122576,4.995595850091636
547,10.996056181801597,4.682517490389045
548,11.129682744243821,5.072828028637573
549,10.681046250082897,4.878862262196197
550,11.052974354122535,5.2742834921496815
551,10.965301674348705,5.095504205872099
552,10.820062023094037,4.950145890107732
553,10.671248205009551,5.412844472162046
554,10.909601528599483,5.390401757683943
555,10.185946646748322,5.090549704586061
556,10.765554146245174,5.55852259302756
557,10.64320839656369,5.22282672762768
558,10.599100459391053,5.24979753331253
559,10.57390508638265,5.387927966472827
560,10.20879531177928,5.19892549578587
561,14.448717574070841,-0.14280285255587177
562,10.491893194591238,5.4077444324321275
563,10.380107754775382,5.861071648882647
564,10.264684416677103,5.884189083311957
565,9.701852616244985,5.475454879651361
566,10.272822845070158,5.97377849095444
567,10.41953944048166,5.591425559241346
568,10.33087483484991,5.728532817874852
569,10.05954300405148,5.885465308187526
570,9.485706906830252,5.768789356747849
571,10.201719705215387,6.3307833789024315
572,9.843126992743418,5.819019235794468
573,9.098378595513331,5.489945115790803
574,9.944690460142679,6.146815452313256
575,9.359907656725799,5.74846324946497
576,9.397365514288857,5.80634527569073
577,9.577322071194816,5.165324969303989
578,10.133934269202083,6.194183970365025
579,9.628142649795986,6.179093559411584
580,9.810877645931935,6.204610527084093
581,10.247146745025015,6.279643419696557
582,10.197176656091342,6.487771648892675
583,9.68724631577962,6.083275808741336
584,9.648187029180649,6.358691949967102
585,14.678333284283651,0.8025768897611751
586,9.526514718188597,6.09405986033499
587,9.874318714510943,6.4753758753640325
588,9.880478345405415,6.337329196540537
589,9.813075251994487,5.934226705313883
590,10.099888512995923,6.385598416785553
591,15.92928315230241,0.6248327713007251
592,9.837097870966305,6.144865926363084
593,10.104302347942596,6.4846536569902575
594,10.094341539187194,6.301095271398646
595,10.277686841231999,6.035314661479156
596,10.115923912149736,6.175424808330539
597,9.947488386327931,6.920329821105898
598,10.195497294081887,6.123662265342395
599,9.835588177112275,6.581972569158925
600,9.697005476523815,6.702171122197461
601,10.418418814614075,6.732334829380575
602,10.285890058394795,6.288533553435482
603,10.455949661947823,6.536352949575452
604,9.917830235897158,6.673246452668018
605,10.38395433919446,6.858835248429421
606,10.382454489676395,6.517731900883737
607,10.374562875692744,6.407724315626757
608,13.888443842843614,4.6341709799197455
609,10.68333679933401,7.012383187066897
610,11.13137164569381,6.846477845029226
611,11.057001417110811,6.619027379278381
612,10.844983263123114,6.889571906478511
613,11.105312913276126,6.831253241566446
614,11.423164301095252,7.0287580071932885
615,10.456081460422498,6.521874086828181
616,11.33655344976993,6.877390820521641
617,11.62809558767659,6.822100941584463
618,11.762394857305217,6.597351976824514
619,12.161879476883009,6.940953026744502
620,12.087243451519502,6.907398456899512
621,11.936613024271633,6.80706584445481
622,12.030474727941423,7.019006785952404
623,12.273803364996281,6.57500169105041
624,11.974435054967696,6.925349372921051
625,12.223240083321498,7.055030636511012
626,12.606655016275315,7.025958683085686
627,13.021800002552235,7.231200178220156
628,12.486738040303916,6.6683186210168115
629,12.619990584557145,6.597497918359906
630,12.793960203187254,7.039477739135626
631,13.237067569790046,7.098117601826522
632,12.92436026238264,7.518284913010438
633,13.473140292067175,7.145867916603089
634,12.840618090860568,6.776005967281253
635,13.172366154047841,7.198177761698963
636,13.265444311846364,6.786846302506674
637,13.656594691026942,6.627792317667207
638,13.828881318275625,7.651946207973774
639,13.155921805125207,7.080978032864391
640,13.426345900807412,7.177550381062828
641,13.892621790449871,7.138441489515793
642,13.683088512898802,7.448774829093697
643,13.51143394125064,7.064455313150071
644,14.365399109589406,7.29500889853978
645,14.285861069486172,6.730413585761388
646,14.367458211507431,6.635351167937453
647,14.156627234997526,7.335706955683731
648,14.685523945504023,7.342991492586378
649,14.380169225235981,7.096713030264612
650,14.85404748430609,7.019863367406593
651,14.322137170770892,6.998780608635935
652,14.407395214215233,6.778675167331914
653,14.790436473165922,7.328458579455023
654,14.581069423740098,7.101222936448434
655,15.054397479232428,7.055318651999171
656,14.986979129236992,7.014865311603188
657,14.686390144149163,7.1744725849429125
658,15.036553031832199,7.030091609941543
659,14.95775477341737,7.081228781501389
660,15.383320037738509,6.593424724550733
661,14.961183097981296,7.003672005421513
662,15.058486761767378,7.413226053646472
663,15.5897794936207,6.726830575757654
664,15.931010336381993,6.814081823600486
665,21.58292550843564,3.153550725431989
666,15.334931240483023,7.064720709669168
667,15.405102421178315,6.970817404320331
668,15.819766592726891,6.3994934047984495
669,15.339482397348585,6.9183951191260595
670,15.097797468681907,6.486018461030376
671,15.436469560779926,6.56466091455541
672,15.544396759101703,6.896693284894716
673,15.164581796248214,6.674530817486978
674,14.920717389792483,6.939682611994181
675,14.981733002442775,7.513104082899759
676,15.607485771688557,6.909178940927742
677,15.172428992714202,6.88445302618453
678,15.346647270717598,6.468724768072468
679,15.439002362490799,6.520912543305027
680,15.54428838702986,6.404834597896233
681,15.238573351138625,6.526816245996356
682,15.466406864352727,6.376380089194866
683,15.024839520278023,6.473905217654715
684,15.155798229854996,6.576332416867266
685,14.926908028934701,6.368248750671434
686,15.541228692849378,6.253709947439731
687,15.158668980624576,6.258441289188439
688,14.907814557907457,6.702859406256284
689,14.984517041209367,6.595154567889837
690,14.982235726615801,6.82782626695829
691,15.215438157987535,6.823876014961135
692,14.48122311818549,6.469350336560265
693,14.601592346752076,6.714100411444146
694,14.750477869387868,6.178890880798586
695,15.573183694118727,7.102576581549657
696,15.04831611923828,6.823855425587596
697,14.67495105454174,6.464829069972373
698,14.867531285227088,6.221785116772922
699,15.215596971389752,6.60202385818701
700,14.47168839858312,6.034363551829675
701,14.374466246559274,6.302383918679203
702,14.789809060592896,6.680197357156499
703,14.515696515698266,6.50815254299339
704,14.509569836885728,6.363327917303432
705,14.096064171384548,6.721041423067049
706,14.76591521401034,6.221505747777937
707,14.641545065730972,6.5506786156185814
708,14.238483841922257,6.353913493403848
709,14.214164198027344,6.26597606665647
710,13.341150486134232,6.593663539926592
711,14.081494207610092,6.230161953221345
712,13.773328854758253,6.955030589709797
713,13.903766718620842,6.335085014583023
714,13.921144550600872,6.981050141499908
715,13.557732545799123,6.213036081386573
716,13.097712556737642,6.641559467777979
717,13.661100562967647,6.194335655271875
718,13.275466844888482,6.16372871088344
719,13.347346664964814,6.544338122413933
720,13.215068444730594,6.679834752404232
721,13.245571138236947,6.198545716399231
722,12.608524046352793,6.82045084404766
723,13.621622938994875,6.332955635345285
724,13.289626380010192,6.573742953088084
725,13.506152010449725,6.645105768743095
726,13.727917808072988,6.70869784188914
727,13.104193583368524,6.12108345655038
728,12.522442984547736,6.986328495522942
729,12.763160623402289,6.733928643724452
730,17.741928372658258,1.3915405461964037
731,12.824581541735945,6.3629433539750515
732,18.35888412311197,3.9136000584180968
733,12.328826476309372,6.30666488529288
734,13.013514173928831,6.798217399966035
735,12.441783787593867,6.59229910746754
736,12.971107409749738,6.410890519785152
737,12.838998106049742,6.5788495793804955
738,12.770692345300416,7.119030748038717
739,12.838837012692187,6.663351846178397
740,12.697855127866124,6.618517772354993
741,12.678189627133587,7.121474012252339
742,12.362379163068038,6.919063038068335
743,12.866748955478988,6.834993931679667
744,13.440902889977806,6.692868361753333
745,13.496184908971482,6.478147752354152
746,13.3165715979512,6.5955874308570595
747,13.152956259376122,6.790605281600134
748,12.762658830398443,6.878825410249782
749,13.426005802552211,7.046305144771839
750,13.007098485481984,7.119187671848322
751,13.037191564271719,7.0614551173591265
752,13.00754255771893,7.085768118502595
753,13.162667475000378,6.80417539218589
754,13.047762105966248,6.543193578628072
755,13.199481868587505,6.977909752674785
756,12.94852694324652,6.896243525428975
757,13.214051076414187,6.9986666530133625
758,14.065462413558398,7.120602246433171
759,13.418408096729133,6.90611511695887
760,13.428463738809818,6.967507900236018
761,13.723269333409185,7.248500697234354
762,13.842138692989897,7.331275953701884
763,13.364292718582169,7.167378795869918
764,13.707495160827037,7.485268870243018
765,14.118761216617244,7.335409619071352
766,14.000195865433618,7.165109201316603
767,18.185594529648853,2.6516098262947825
768,14.544011712822323,7.950961691302692
769,13.956880633855361,7.342046413980488
770,14.269393679640826,7.832897132430083
771,14.17475820255692,7.916536061539
772,14.865816688242367,7.977489009234785
773,13.92274834051082,7.428255602901602
774,14.39836869906933,8.16880831465878
775,14.533177619545494,7.725173319243178
776,14.98479284602959,7.66380935491525
777,15.062594525464986,7.700870294876855
778,15.395305804604924,7.940061949173782
779,14.601506397270263,7.8336528602916315
780,15.396637422117369,7.807820874013385
781,15.181975146277903,8.204068552303967
782,15.169295711302805,7.7335397485110695
783,21.844474589470536,2.6477144507756796
784,15.292163352850645,8.174346051911606
785,15.045074286205502,8.182710973063134
786,15.657076731217117,8.310903877564801
787,15.418728008120617,7.799794521577225
788,15.773096635507333,8.368445632634526
789,16.178617539280488,8.248656147311646
790,16.259671381645425,8.598629052385297
791,16.740476004219097,7.875510772861333
792,16.302133501937185,8.271485392265884
793,15.998819068829395,8.176603429585112
794,16.327820127044124,7.87733363530276
795,16.373585259911042,8.124525570875642
796,16.377605442045454,8.613161679986327
797,16.965799061142175,8.241962542647032
798,16.732423003021825,8.206003028612674
799,16.422039278919527,8.63079382578659
800,17.311930203419145,8.687635140120364
801,17.15526330031198,8.713394812396146
802,22.728490438091317,2.5456506766091147
803,17.386372245480395,8.503489747701082
804,17.624077288673867,8.800638246744763
805,17.52374453846533,8.403484623539631
806,17.95869826435536,8.404204892984147
807,17.788482734347365,8.82215215025703
808,17.849325306237365,9.028737292533224
809,17.922867823640694,8.372674900686217
810,17.42852764784494,8.03332093772406
811,17.879074992292857,8.341618335518966
812,17.910884337492256,8.47202314691142
813,18.108359353405096,8.711100257942551
814,17.693045768941964,8.919299735953873
815,18.64253447442893,8.747955951813399
816,18.23229937880831,8.628157509514716
817,17.88326108437408,8.859655322646374
818,17.776613581080703,8.59831743773012
819,18.244430369708695,8.84392286650809
820,22.271761485363974,4.923111516650383
821,18.183023367859718,9.55763454154463
822,18.456255185422954,9.106762773999408
823,18.263196980824905,8.708202992498693
824,18.644783406616632,8.681482840220312
825,18.282461174697872,8.83429741502714
826,18.50561215044681,8.545111676250636
827,24.53107122036127,4.205517207470825
828,19.313764147056105,8.794830835325621
829,18.24775712563386,9.210934900729711
830,18.415332693758387,8.893226563514476
831,18.304242177743596,8.811520732348336
832,18.789901750326536,8.682679284607062
833,18.205520872013505,8.731633955070523
834,18.396967442089867,9.01656354800591
835,18.522738820810385,8.986092797836218
836,18.2244300939469,9.329527048034953
837,18.21437412281805,8.894140701360255
838,18.339604609959302,9.321052953325381
839,17.83012394622007,9.124751046057032
840,18.001889043930884,9.062907505196621
841,18.284282270327047,8.564977572531802
842,18.422780905981377,8.746922993788992
843,18.290241967118018,9.256582340253381
844,17.77906036732697,9.421878903223746
845,18.135106404881487,9.124654256395903
846,18.474566406680232,9.26371992196947
847,18.360483814587294,8.970640656353435
848,18.126783157782373,8.978663275655157
849,17.83897551087616,8.904147049032993
850,18.24753028352571,9.311416640025636
851,17.835772737845815,9.150774233883602
852,17.608380060215524,9.003355826903316
853,17.666731407904447,8.97612603550924
854,18.28876792460127,9.193190927049997
855,17.865956749373833,9.130212079517712
856,18.092195559595908,8.836332783798364
857,17.54414031434997,9.467805100574518
858,17.912029185714054,9.0971007557097
859,17.39202351186046,9.029082393660817
860,17.46650897938697,9.389002366595081
861,18.20040282065734,9.26851817555624
862,17.625027738569578,8.982985599907547
863,17.184669662492198,9.131083510780773
864,17.249592672356748,8.721365474067154
865,17.31293095683179,8.820101840590521
866,17.51836263351457,8.406378931285246
867,16.94891045953175,9.267416785312966
868,16.514070599280053,8.478316987656742
869,16.893907303215816,9.113582886928656
870,16.92439244124158,8.7257065345167
871,16.895383406323052,8.678530282366523
872,17.201166114019905,8.864216994582922
873,16.84581626439026,8.96910213244254
874,16.940470852611444,9.044891692134653
875,16.31330055283026,9.323999535390563
876,16.85241400928297,8.959851301629213
877,17.17080294634651,9.079501617015799
878,16.725299905914987,8.69850360656184
879,16.5226902458989,9.015416716541703
880,16.447829558093794,8.864120962978946
881,16.894702476333585,8.698801416943192
882,16.039350097882547,8.779392110780195
883,16.245234284401654,8.77667789010413
884,16.37989771988012,8.82881092052032
885,16.430606981054126,8.870272489259621
886,16.044167314668293,8.631669214402523
887,16.237992227867,8.56275839638952
888,16.035399874737635,8.923991669311523
889,16.130523776457824,8.30228922554838
890,16.03305772050192,8.561328713634342
891,15.711273160487714,9.09365723290608
892,16.03130889076585,8.01851363844949
893,16.287563512091573,8.512066591824208
894,15.724024196751971,8.84750063762558
895,15.93449878279763,8.253474482013951
896,16.20198562403542,9.306335025737305
897,15.680384878340966,8.000721712391307
898,16.058030152670025,8.998281406560197
899,15.690224347521571,9.020108799009073
900,16.3568314433639,8.851823305825329
901,16.7216409767785,8.55964698390537
902,16.64901052030834,8.697008740695093
903,15.994314944080653,8.3764510928099
904,16.30306356114775,8.796538231812283
905,16.141435783642752,8.308093669239188
906,16.163092232588298,8.513868399086682
907,16.62729121999582,8.826114779489357
908,20.581942822799125,4.240796722231383
909,16.550026400482032,8.476787971570468
910,16.25866675250576,8.605035200141824
911,16.73892548076761,8.22512797736945
912,16.41858246143125,8.848778739020167
913,16.20966374812674,8.640506008786126
914,16.546617616345788,8.17456954393118
915,16.739181840355183,8.540417859458998
916,16.58688721581042,8.357568399120787
917,16.783125773293342,8.386813563443912
918,23.561555720035013,4.022634240422934
919,16.125766914453102,8.375095438486309
920,17.104458048030697,8.795177480867379
921,17.115222326423435,8.38000946630748
922,17.023374271491427,8.804326425505995
923,17.075227690419148,8.551290990369113
924,17.443625191196208,8.780118065743657
925,17.07579171564303,8.435405975885784
926,17.083209834039778,8.449606099569158
927,17.322810879790914,8.293626328447383
928,17.82216753526591,8.732684880359571
929,17.137118110581895,8.82972173434692
930,18.000257160607376,9.132790708765839
931,17.54191995025155,8.933986088385675
932,17.495878297927465,8.682801518394944
933,18.297827504239834,8.57725827312314
934,17.985633678286305,8.737464076366862
935,17.72058648768401,8.644283546337547
936,18.09993579296183,9.028658496953913
937,18.584590155171448,8.91098694490472
938,18.761310867100494,8.478660397980574
939,18.374543210362315,8.529428311297425
940,18.723996912628603,9.057274018028052
941,18.916070541266432,8.807219725989343
942,18.608390692634377,8.687630243476193
943,19.00828409852174,9.058143686905193
944,18.99213770843727,8.681264490238208
945,18.940626870843076,8.725430216028249
946,19.05320067275236,8.697893362175932
947,19.31991696513225,8.341174181245622
948,19.407148620027463,9.066648803962089
949,19.326230526668155,8.567883621786075
950,19.464953624898722,8.748120880347031
951,20.022649720666166,8.725025247482463
952,19.84763838642121,9.1139900366727
953,20.142670826758053,8.93688553949654
954,20.33003420356384,8.98020307832114
955,20.237062238768385,8.579319244070128
956,20.831061031364182,9.000665943236301
957,19.989942051751374,8.67727645424745
958,20.566038444046214,9.147474310322393
959,20.3121933023508,9.187138805848935
960,21.046528444901117,9.1163457729415
961,21.080019079532907,9.657158250578787
962,20.06155773443017,9.304407447654388
963,20.43284304877234,9.347945071605665
964,26.54207858450315,4.459806049014927
965,21.10471753856193,9.204998866984733
966,21.1571324771346,9.522322098839862
967,20.980723934148482,9.584207210317679
968,21.20168128116861,9.01188863964069
969,21.321485097425345,9.629449815993443
970,21.159858365221687,9.523229556191424
971,21.546198644791,9.664175375017193
972,20.612038762683603,9.570034258770674
973,21.528946450342964,9.172156050368743
974,21.07450737520183,9.219954876963758
975,21.715194114958994,9.999500393745882
976,21.39876932474277,9.636817244601799
977,21.23740696650111,9.249926970815208
978,21.649740240402778,9.721955611913623
979,21.294532300088576,9.575206689147704
980,21.321284468548992,9.235813177260189
981,21.148917261264284,9.155143580543589
982,21.631885829389606,9.358123483928763
983,21.80653838968798,9.857894030229097
984,21.97879674634746,9.809120354950974
985,21.640581611891577,9.790058445506569
986,27.733275955996902,6.621211491875695
987,21.701411827942884,10.065024575777684
988,21.669792852682583,9.420260075356289
989,21.868504109243524,9.901683608262843
990,22.009542998091543,9.800997352332738
991,21.582157932629972,9.730582737654506
992,21.601039942621764,9.932868290355202
993,21.612564889821265,10.06960028696625
994,21.669410012606694,10.064222511970767
995,21.355398824489814,9.797462908567777
996,21.912104652285233,10.07046660904428
997,21.4590679262618,10.725124123271266
998,21.69078947872873,9.98720848048572
999,21.274733345242147,9.858506545273526
1000,21.597867506801364,10.378256244767808
1001,21.573171385517632,10.487484820908044
1002,21.292659415282838,10.482919262840056
1003,21.986095135752905,10.11524077765092
1004,21.449993319017047,10.672620516743116
1005,21.828599410703728,10.254338601363381
1006,21.53818923600272,10.194159499925496
1007,21.004883466794382,10.352582500131629
1008,21.040326735719454,10.503950876951555
1009,21.23563851193262,10.735658757932157
1010,21.07150526724077,10.738674828859846
1011,21.01497260256459,10.602229793931569
1012,20.86000547767603,10.865761608087745
1013,20.347927524652093,10.677117608419467
1014,20.766435487537187,10.904467527685467
1015,26.304394699895948,4.233732208746007
1016,20.830265340784365,10.33287979057376
1017,24.916799536097745,8.723745637854513
1018,20.386198197945934,10.422774524678946
1019,20.475442696430395,10.716043601180909
1020,20.56318821858849,10.787473749386034
1021,19.991807139897283,10.710025823365157
1022,19.836848860781817,10.738084126277302
1023,19.981755377118557,11.218476286757708
1024,19.629456248212335,10.256194485395339
1025,19.892699779423793,11.12724294126381
1026,20.601307253330884,11.497144694851078
1027,19.748987698791147,10.945715734174918
1028,20.204064513096206,10.950928849429816
1029,19.540714058678937,11.152497796654872
1030,19.986506426338117,11.442726072979152
1031,19.746541133687245,10.702478100808781
1032,19.771452234565608,11.034757479370624
1033,19.908324926246134,10.97898965908455
1034,20.21433475985539,11.177459103175947
1035,19.697233549449574,11.088839900402727
1036,19.62918591115363,11.22474408371009
1037,19.254729245911005,10.964567625759463
1038,19.678511755329783,11.091728606458254
1039,19.388468573329995,10.920752480665548
1040,19.67278085359719,10.930484241668825
1041,19.37315789411889,11.06875111837074
1042,19.87391129137411,11.075575455127574
1043,18.724545415431564,10.824264298605227
1044,19.200670943242276,11.515575972313679
1045,19.526869847386696,11.094339308989092
1046,19.132612071178507,10.786611451675459
1047,18.97825331374559,11.41172907600149
1048,19.116984740706197,10.95247166756259
1049,18.766434811710656,11.269204057135598
1050,19.202643035675663,11.139872038692678
1051,19.888571402321567,11.208181460073847
1052,19.492399555738263,11.189100251914358
1053,18.811670002731013,11.002795501048436
1054,18.880917633381607,11.156500329446569
1055,19.023147753613223,11.653656409956872
1056,19.45066534998891,10.584554891146245
1057,23.52482967590734,8.651026900967425
1058,18.961297135215535,11.248250044757544
1059,19.448076578683587,10.87343461743795
1060,19.459528038624935,10.790411504943156
1061,19.108667749975165,11.668734112874095
1062,18.909361278482166,11.031659267529305
1063,18.806837080389354,11.639350791839814
1064,19.092314472890376,11.248160075162803
1065,18.666268183511274,11.127436329113456
1066,19.59693105994174,11.221154603063377
1067,19.222650534896484,11.254268252824142
1068,19.59880742663143,11.383394902665774
1069,20.060724898732353,11.190024194833834
1070,19.9009414847972,11.109452944950506
1071,19.255478798192566,11.109259456363935
1072,19.916280723568466,11.394727062259326
1073,20.060404723613242,11.2522427430634
1074,19.54947699881446,10.788455255679358
1075,19.550461437821202,10.870738899506351
1076,19.86927083034554,11.102761987658873
1077,19.4900674489404,10.85453433158972
1078,20.48254186689781,10.906112177514956
1079,19.392968734331422,10.751021086843675
1080,19.85813650044889,10.91417367572426
1081,20.187165442193574,11.07490981398053
1082,20.279927985831883,11.20706582437207
1083,20.479977324827047,10.9497287087239
1084,20.59562811666714,11.455171214095582
1085,20.53602845649167,10.906304526177648
1086,21.02885605739725,11.712643588674801
1087,20.135306727310223,11.153530901195298
1088,20.867940043732762,11.016098157254662
1089,20.74591092077759,10.755947865929453
1090,21.093648488365805,10.1633800330571
1091,21.214924232443977,10.819545898081483
1092,20.971023384095478,10.891756082630662
1093,21.14911567177396,11.316754361895484
1094,21.67683436017899,10.480229406112436
1095,21.642138608855905,11.29076955814849
1096,21.43229063022593,10.740742641436434
1097,22.347729637191833,10.973967387456339
1098,22.52823956879295,10.147553553943808
1099,21.4966706508112,10.807016074449079
1100,22.12594233830093,10.67626871783473
1101,22.88803999800415,10.922970683275754
1102,22.47026455111071,10.76556781495604
1103,22.400854189948085,10.447854311277444
1104,22.371121082514847,10.961086175634778
1105,22.369616246613433,10.889211341572187
1106,22.565965454342138,10.856268185516704
1107,22.561430931107463,10.951151012637752
1108,23.0461136376367,10.966350792955549
1109,22.798126325049036,10.678199857045271
1110,22.878978299507654,10.337155357104201
1111,22.743128934384337,10.32363490339263
1112,23.179939710545746,11.001023149888978
1113,23.0160922002617,10.835326152627305
1114,23.31797697369636,10.677784235499297
1115,23.770872721905004,10.538625269589794
1116,23.652378475962397,10.650648635119952
1117,23.776335651676735,10.644904872497927
1118,23.812006791540544,10.550951438418428
1119,23.801041698764493,10.457319969538588
1120,23.82095500558422,11.170602788160615
1121,23.840341770803693,10.684634746793972
1122,24.231528927884305,10.474549655720125
1123,23.74713033557928,10.299536856188645
1124,24.540648007680215,10.443235770302206
1125,24.21203046787368,10.804762738498919
1126,24.03785022090501,10.815173010689424
1127,24.17358223854033,10.57231718679994
1128,24.172246524153046,10.641752230059298
1129,24.475519013896477,10.555078334040953
1130,24.261262033320616,10.357504054166034
1131,24.865410005189773,10.963617464647719
1132,24.33139061952779,10.7357043608416
1133,23.924156409070505,11.266606015996114
1134,24.423531065584534,10.46407295838528
1135,24.074051776353375,10.624961215252748
1136,24.695262836761007,10.886950301241045
1137,25.052407115365043,10.612434296411092
1138,24.953232861803944,10.33492379069094
1139,29.061055513161055,5.9371919530212995
1140,24.569123597019644,10.725238460264729
1141,25.34604206940397,10.795958252556394
1142,24.919469760417975,10.697173200625402
1143,24.833442431724038,10.983045910207302
1144,25.154160968224758,10.992356857837631
1145,25.575168583452893,10.837490018741315
1146,25.227219734766727,10.776784472515814
1147,24.87590504639492,10.720738182047311
1148,24.93328951652714,10.936247236663915
1149,25.00182298017428,11.043552886526943
1150,24.619767146344582,10.84457409619798
1151,24.469953167965222,10.958314661436015
1152,24.784468315955735,10.781738874911074
1153,24.46296919822983,10.527535270557996
1154,24.704393765313196,10.648386017201833
1155,24.724741145442888,11.108856957785896
1156,30.355311449046308,5.830773911034752
1157,24.3791525605219,11.354284497232523
1158,24.563584739420207,10.99126272152764
1159,24.51418052516785,11.214492041814788
1160,24.655801265985087,11.350656635263805
1161,24.797643028975283,11.29065138666892
1162,24.29347677093183,10.912560055506226
1163,24.14929156551265,11.041723163228081
1164,23.85674246967888,11.14397342361707
1165,24.02264268431632,10.889213927361197
1166,24.411384069605056,11.278876339307304
1167,24.21260519322897,11.44138326839983
1168,23.841366069155594,11.090699323976576
1169,23.979993785269475,11.730009228938961
1170,24.045954906542057,11.190563376674918
1171,24.13128741062436,11.239279589630993
1172,23.7449399597565,11.257609719800666
1173,23.7898281525777,11.167640636614529
1174,23.260783804255105,11.477058183359539
1175,23.401730504819064,11.405821461037712
1176,24.172897582906316,11.844699925318272
1177,22.97130922673881,11.610030011351423
1178,23.466438822285287,11.621756762686893
1179,23.57355477072564,11.461350516600966
1180,23.33562175428518,11.192828300216894
1181,23.145853781949395,11.553894998687703
1182,23.31072265922972,11.393796843416366
1183,23.268799238198568,11.874625782100475
1184,23.187519731565228,11.659526900557111
1185,22.591455863368218,12.11420471568422
1186,23.05403521048711,11.912367739205855
1187,22.786203948236356,11.968316016345096
1188,22.82401392017998,11.84808970412187
1189,23.003258538821356,11.873669138376256
1190,23.07556771616064,12.015957805047151
1191,23.10203171839919,12.1144888124421
1192,22.635303019965033,11.737385099693295
1193,23.01434520068793,12.069308457261583
1194,23.04397638755426,12.632705806362754
1195,22.989464038764872,11.986172834418404
1196,23.024019753441962,11.975817025392049
1197,22.524101707352806,11.897619750640166
1198,22.478479188882833,11.739538035309133
1199,22.743432846580934,12.42973082948146
1200,22.05353338281426,12.178449856098279
1201,22.496350543268267,12.268664821911912
1202,22.246923309814722,12.685347182306874
1203,22.270637376424606,12.881629178033357
1204,21.83668844487499,12.062182657394068
1205,22.072601179521712,12.577721700312365
1206,22.317053985792757,12.499563885767673
1207,22.57605030346535,12.472760667769828
1208,22.595762901222297,12.521839218219942
1209,22.266875150140248,12.425146515304908
1210,22.22942679379033,12.856725526827288
1211,22.035311403639867,12.641111054079609
1212,22.406620330486355,12.601404506020597
1213,22.21616432463018,12.854338847535452
1214,22.47987830940555,12.793710004851159
1215,22.83446480828076,12.711202158598194
1216,22.313277340486472,12.70404714737775
1217,21.891009336304457,13.087002485839891
1218,22.102385624856097,12.800756957557466
1219,21.94682015285219,12.67576541878388
1220,22.051947857166475,12.50830799625545
1221,22.832660206271882,12.660488835465749
1222,22.542240937968987,12.507467366396412
1223,22.054499604919318,12.819705493686824
1224,22.74606915370658,12.879432595391307
1225,22.970607156704723,12.324349704324597
1226,22.53009911940988,12.862923846210295
1227,22.483841727221723,13.041389879948776
1228,22.636968139810524,12.940943548383265
1229,22.87802040226589,12.680275756812145
1230,23.04194588709802,13.255183208179059
1231,23.264735985194353,12.782371511443005
1232,23.336666009057943,12.667254850276773
1233,23.394062283553918,12.721434357863806
1234,23.51513028870103,13.004659454225433
1235,23.375600104363023,13.270068675484378
1236,22.790977875501216,13.331164090647157
1237,23.28637796402377,13.107009543693438
1238,23.49752339346108,12.7703380707148
1239,23.36825972198066,12.918081684793577
1240,23.838500826963667,12.870738089583023
1241,23.540958888308275,13.062838906322243
1242,23.457072793722634,12.675529045485703
1243,24.255628514482858,13.15781911072282
1244,24.11134205607308,13.301634493745855
1245,24.06806817505671,13.1128057840299
1246,24.372492185135474,13.274152187055195
1247,24.506747804165087,12.932882168778887
1248,24.38500940985067,12.811628826624142
1249,23.641194912735223,13.02320113619206
1250,24.272573457391825,13.47824581139024
1251,24.435872995498496,13.452350855806865
1252,24.375898257455294,13.085899156688313
1253,24.82966361545901,13.505687031199885
1254,25.227086725965055,13.12753022826156
1255,24.823656984716468,13.590126695275059
1256,24.728590799772075,13.335598256369959
1257,25.777444508509397,13.1041427325423
1258,25.13354979965912,13.417546924801428
1259,24.99886427384422,13.0260587307943
1260,25.539527630176853,12.986206880242765
1261,25.69497083189099,12.85725113708449
1262,25.454237081020363,13.283846846047325
1263,26.000693118261083,13.204671371284979
1264,25.714360568504983,13.196903413609318
1265,25.679741713085694,13.111410240111383
1266,26.105224372864715,13.570518236337486
1267,26.376727450745896,13.101813398145072
1268,26.047902332569127,13.02303586561357
1269,31.0531952705663,10.092863844587725
1270,26.390804382399253,13.550128121974883
1271,27.354189800599514,13.274292694643854
1272,26.380560889109496,12.748901517291538
1273,27.092804601318186,13.027885225919238
1274,26.744325737059537,13.324532083556116
1275,26.802429750585063,13.168834469423915
1276,27.13524216582973,13.545639275746161
1277,27.262986393183716,12.807743900709884
1278,27.448613153941686,13.311071495719649
1279,27.23840992888964,12.976389747107941
1280,27.028506067804454,13.455265147023885
1281,27.113568273038794,13.096784320802271
1282,27.491347754772754,13.364003210958003
1283,27.57359429134485,12.934974769070543
1284,27.87682959713407,12.734752588235642
1285,27.638189952570936,12.799574857044426
1286,27.883057925917697,12.915330616585695
1287,28.06943376883706,12.800446642642934
1288,27.710238989740464,13.346238679220829
1289,27.258486726243092,13.370171717346933
1290,27.390648454658905,13.092892933657136
1291,27.350257303301674,12.755155316205204
1292,28.293103722602755,12.973088951415058
1293,27.59227189326079,12.82008942060259
1294,28.243736837352262,13.3439469764896
1295,28.074403567631787,13.04822220593188
1296,28.4345668906209,13.080385765650364
1297,28.23901690561895,12.846897966249703
1298,27.92228377283255,12.432801744996771
1299,27.904703440890213,12.731702698043705
1300,27.99880550006481,12.634242534834817
1301,28.031219290367527,12.994958090328874
1302,27.821670316391202,12.915622072171038
1303,27.97025232594881,12.680290793530167
1304,28.458912575605797,12.772893098462578
1305,27.458517423529134,13.25116826862932
1306,28.03675746287244,12.609391946161237
1307,27.674234938168176,12.609611322341955
1308,27.986651935831826,12.77209847730156
1309,28.16388508697843,12.644714292069077
1310,27.873262127795545,12.70287453619424
1311,28.09835357374357,12.933752624860986
1312,27.362784012459066,13.225059384100732
1313,28.1425516656854,12.338543937694698
1314,27.59775486095783,12.770588626725957
1315,27.931257166446738,12.77757665190506
1316,27.76279933861689,12.738652773601338
1317,26.893705812650744,12.705644456792449
1318,27.40173807094928,12.660499398052105
1319,27.651863237692737,12.990208907458129
1320,28.007128091745496,12.61685894983783
1321,27.58051503996739,12.695725696599832
1322,27.523323898941488,12.722380568958712
1323,26.972281079324528,12.744594076133449
1324,27.774003947971288,12.670785809336987
1325,27.833973398920104,12.959578237591165
1326,27.24634638308876,12.704358108338345
1327,27.116622040398113,12.747312277978276
1328,26.640581583255894,12.688722906821909
1329,27.33413420522706,12.449150329854756
1330,27.82188055851293,12.491276692131954
1331,27.167731729406263,12.435680840116047
1332,27.272577823040656,12.746320656379469
1333,26.9965564235734,12.520332031160121
1334,26.478610686082973,12.43448493262039
1335,27.115151893305818,12.76107270953592
1336,26.28378964895733,12.835113907553582
1337,26.531079988462984,12.266565897809237
1338,26.618285446804634,13.13270759712512
1339,26.7402138287252,12.72249580254868
1340,26.54133502683056,12.692890124851766
1341,26.474401529436257,12.991257332190864
1342,26.072455150276042,12.748027573499863
1343,25.857502980720152,12.586253712037237
1344,26.207156405103763,13.293142132235896
1345,25.92115748417418,12.483818294621361
1346,25.688609032822193,12.73657124880831
1347,25.649231893145412,12.981976226182251
1348,25.831505786028814,12.51260981648839
1349,25.373869283622007,12.765000565476548
1350,25.478181291443455,12.89827743508837
1351,25.34644767075093,13.413817929364265
1352,25.848126001419715,12.60261630463879
1353,25.874297060977725,12.826947098650333
1354,26.314590389000557,13.017220799128859
1355,25.22592325951058,12.887118090215548
1356,25.43631661537822,12.581084929528444
1357,25.88135999481916,12.99939172147093
1358,25.51237686207243,12.940427314550575
1359,25.45167385549646,13.041739924701375
1360,26.03749639670781,13.230596657658044
1361,25.400875936301173,13.21902614093353
1362,25.135939418951725,13.086256135966227
1363,25.070927135928972,13.08113426908519
1364,25.552798667424504,12.748617242303245
1365,25.532668364066957,13.00997022811723
1366,25.021564534316227,13.11949994192728
1367,25.132454407525973,12.985583202417878
1368,25.58654379051864,13.13219304870697
1369,25.600460524725978,12.923940145382872
1370,25.23858829633503,13.536844928056816
1371,25.62564330263279,13.714778348394262
1372,25.62112755082261,13.103356848720352
1373,24.92842364409624,13.32529464303519
1374,25.386700254654542,13.191590324735506
1375,25.625027330619098,13.591220338475473
1376,25.35193600614246,13.410064911813869
1377,24.90874161984261,13.34688084472215
1378,25.495262129524654,13.298269757098009
1379,25.838707170562998,13.412746369247525
1380,26.12326022859708,13.158526268716933
1381,25.03108404690336,13.605265767993414
1382,26.51458581915281,13.285990715284699
1383,25.437773735994746,13.626643139551781
1384,29.7015653108118,7.565481614326916
1385,26.245821563182275,13.824436213934971
1386,26.224694195673916,13.575762072585656
1387,26.03176536881338,13.865344960692227
1388,25.69834996375145,13.40879508693056
1389,26.29737913067766,13.821771439863719
1390,25.96015035820913,13.643615666922454
1391,25.48582074596472,13.77860778191348
1392,27.161731193610695,13.77856942500596
1393,26.598367360288844,14.025429891155316
1394,27.00659322919546,13.317306356016838
1395,26.265186410537414,13.933940443221477
1396,27.05860509434023,13.510594783558183
1397,27.17707834482694,14.217042670347462
1398,27.250229352148217,13.453321871425022
1399,26.86313105816264,13.72676218522634
1400,26.596159382703394,13.590449088037289
1401,26.99277793215709,14.449930962662545
1402,26.475773055855857,13.749047707804817
1403,26.718077330156213,14.130904263742472
1404,27.34966987130003,13.999539271971718
1405,27.119288384343843,13.714522791673655
1406,27.463086676117484,14.111012250607308
1407,27.576405613230715,14.39176465431509
1408,28.28585777699056,14.210617040079885
1409,28.19418703697264,14.52239516456527
1410,27.890296775887876,14.226904019853746
1411,28.36576181960028,14.349160268225967
1412,27.868858430748915,14.28108838263038
1413,28.101603216661797,14.49278632356358
1414,28.575731278712226,14.910974126530503
1415,28.0301212166501,14.55588623981896
1416,28.41871640654282,14.542726790773141
1417,28.2056562840301,14.367996405131807
1418,28.7362321812324,14.361889812011103
1419,29.289280090394872,14.944596636463556
1420,28.671760050733813,14.327982307107957
1421,29.0622210035004,14.404846238339895
1422,28.821409612594195,14.635470169622815
1423,28.840849697367574,14.579552754106864
1424,28.908906733293975,15.20105620778406
1425,29.80875513491853,14.145896145277284
1426,30.17233253165032,14.852792258766847
1427,29.69827782029237,14.965165587909855
1428,29.426618468834167,14.530926126350263
1429,29.93938532128673,14.6734791759886
1430,32.68807660491681,12.7134016451441
1431,30.13554770080018,15.287637374667138
1432,30.063021672697456,14.67216892379307
1433,30.138093338401994,14.528995201959054
1434,30.31259302892651,15.187876432128384
1435,30.030469891055798,15.3460978301753
1436,36.516644933290024,11.191506746008798
1437,29.82845769269392,14.450817713515356
1438,30.278715353821827,15.38591239811442
1439,30.048379506141615,14.99140520167043
1440,30.49276631504886,15.339506101208366
1441,30.307195248828453,15.06455013221996
1442,36.640993600796506,9.952466858616503
1443,30.838510900652206,14.994381822597575
1444,30.326134180805095,15.49076061429342
1445,30.554823993099614,15.495424963352741
1446,30.559413232774816,14.616131889969871
1447,31.106878472007246,14.929678594174272
1448,31.432254419616587,15.620523094707456
1449,31.210086027814853,15.096301770228727
1450,30.880919617859337,14.85923750797897
1451,31.453190697154252,15.211060867472456
1452,30.584210466674545,15.192798616750462
1453,31.50980712844042,15.20485729848772
1454,30.881492803209877,15.117964075898056
1455,30.259429507841716,15.168356014736034
1456,31.900730098706493,15.139279836253722
1457,31.587690445536225,15.343478397768445
1458,30.810354818882058,15.062928168369094
1459,31.173123491269692,15.199183468225634
1460,31.05746456221528,15.240431634293774
1461,31.148799646707797,15.607119781267802
1462,30.666429873749404,15.377655959873103
1463,30.897256143430248,15.259886762564587
1464,31.22943492220789,15.423763935568974
1465,31.14030349897313,15.39305505263665
1466,31.414877098479863,15.564703682213365
1467,31.057865721460768,15.42001176975454
1468,31.714832305080765,15.741927246309244
1469,30.76883173395586,15.629106668309712
1470,31.03227098063852,15.281651255805226
1471,30.348009133800367,15.18667991293769
1472,30.51299347687741,15.508819136928231
1473,31.251202132337045,15.41468862685751
1474,30.531286508496024,15.258730206684483
1475,30.932678566478707,14.909477636475073
1476,30.71225614264906,14.816479661594828
1477,30.37279709657218,15.357022879891817
1478,30.535227771293552,15.457594865274366
1479,30.43724593906551,15.460224003721116
1480,30.395501534963394,14.931622053970154
1481,30.716482487635165,15.506384489904676
1482,30.633399665174533,15.106741435423265
1483,30.210488720442044,15.330232476562388
1484,30.056447926956505,15.329776118927871
1485,30.357104719469,15.01710378327998
1486,30.185307923069217,15.061678600140585
1487,30.465913918396712,14.682710225658058
1488,30.895466086272517,14.962947923200206
1489,30.292662048308642,14.732370591391035
1490,29.96985673942367,15.282949396392507
1491,29.86886532938454,15.17931712015628
1492,29.603512240215572,15.38259549643963
1493,29.52852776836191,15.233122689676094
1494,29.439609217796004,14.975005871224605
1495,29.562360542870984,15.209775884635691
1496,29.493495699433925,15.014990600733256
1497,29.785912898380253,15.254093447831494
1498,29.38485238479645,15.169781367684092
1499,29.38780419675073,14.832803056431421
1500,29.024896550128823,15.069421781700788
1501,29.828066356610616,15.071567933205454
1502,29.432200844723976,14.969625263279255
1503,35.489065338450025,9.578796275283757
1504,29.413757558789516,15.452399214242128
1505,29.57099088202814,14.921006915686057
1506,29.00052334576092,14.914103606365348
1507,29.242859018449707,14.428653775274475
1508,29.793783285066294,14.94740390211706
1509,28.571375972418544,14.859644419489511
1510,29.249608171156158,14.41756303551881
1511,29.36648688190501,15.019279483009118
1512,28.945998364916864,15.084357134053718
1513,29.014052538405448,14.742693310691674
1514,29.13556836723941,14.822870186294553
1515,28.520223685503257,14.664411245228681
1516,28.818695525758237,15.086900671579798
1517,28.401832396465778,14.50737924654044
1518,28.438296103763452,14.799160115971102
1519,28.436380293434834,15.356256453777803
1520,28.564953803482805,14.87269358161087
1521,28.639617628056204,14.96840012320063
1522,28.722365652559258,14.806703442727448
1523,28.139923936285996,14.542056147661203
1524,29.177985294020562,14.820152514341249
1525,28.922823147010092,14.922974482658512
1526,28.79173624799162,14.559124963426795
1527,28.462732972752793,14.894026959755044
1528,28.552472036261207,15.114112732796771
1529,28.758553703653593,15.06500740902767
1530,28.73015876405318,14.397050709060206
1531,28.104124638704597,14.544534872647485
1532,28.86814261546018,14.381031656628615
1533,29.55994757804642,15.048828748467608
1534,28.121794798640643,14.930714801303205
1535,29.025177476926203,14.951526029148324
1536,28.865485928471465,14.554289024613908
1537,28.753420399179,14.480884003620872
1538,29.248782507839927,14.790999899181179
1539,28.50462461577253,14.796799828700033
1540,28.963915398056493,14.558339370296864
1541,29.412474224916732,14.808372223500253
1542,28.952331778100746,14.935480847202728
1543,28.938178815960846,14.833446209799023
1544,29.15921576204984,14.519300910529452
1545,29.04647036960692,14.254290582434606
1546,29.722668010448167,14.721659405205163
1547,29.031461651665698,14.83200990959137
1548,29.647799984201097,14.731065554131341
1549,29.062949792280293,14.694792264067965
1550,35.40244927457957,10.809545167679515
1551,29.564347503242608,14.994274674506585
1552,28.877464486757894,14.809969563158818
1553,29.751681153867533,14.862206367367094
1554,29.506090081950777,14.597499765144919
1555,29.781683389128286,14.694897091155998
1556,30.478665820532445,14.901216562617202
1557,29.746893434382663,14.61981970650192
1558,29.85342754024234,14.567898162498894
1559,30.715189563251084,14.81262413895577
1560,30.398650147103606,15.207981797775789
1561,30.93161590672697,14.968939900763818
1562,30.650506326624274,15.300197141502727
1563,30.374234890226894,14.917140605608544
1564,30.722515959700686,14.887853292224486
1565,31.219675719504796,14.633278097530585
1566,31.22889497939988,14.85386308659439
1567,31.037733182330353,15.373904861764796
1568,31.151803134589592,15.114787523082923
1569,31.20170734833417,15.234565427449322
1570,31.1579044773898,15.246531276991089
1571,32.03205760097759,15.08742035834076
1572,31.53847460820977,15.05872458463906
1573,31.287192912400066,15.160401509455825
1574,31.58846770685186,15.319661039630923
1575,32.05875735883488,15.28807202581067
1576,32.131162192497996,15.318897728222673
1577,31.988916432045492,15.25725787621634
1578,31.922174993929254,15.049561695245183
1579,32.23195341358635,15.200463614215392
1580,31.80356802013238,15.05479775971057
1581,32.012285343167136,15.566092190361289
1582,32.753012268499276,14.814638016826796
1583,32.45014947143034,15.311344890431254
1584,32.803512441574455,15.988701846181101
1585,33.151919800242446,15.333014865789004
1586,33.0630689692859,15.161598186826307
1587,32.95377723015366,15.468082237915501
1588,33.68660839117435,15.822556600127752
1589,33.31692489722943,15.488090170556907
1590,40.64910965398025,10.682340922924038
1591,33.49182550083007,15.610151340594255
1592,33.46591618774039,15.520880943248667
1593,38.91788339194774,13.947178830926312
1594,33.503526033014516,15.690584091177202
1595,33.49678625397002,15.568232572701307
1596,33.00522392713496,15.609978985965672
1597,33.61982396668953,15.857780168294617
1598,33.64422014427906,15.895293020933975
1599,33.652048211004654,16.016515415594025
1600,33.332723036936095,15.889475231488175
1601,33.780525445001096,15.527095275603447
1602,33.92455672351621,16.048905678030092
1603,34.01207844207066,15.86970528609789
1604,33.67120171491224,15.906518272556793
1605,34.2541415667613,15.638469782921131
1606,33.718702035682576,15.897007756341399
1607,34.05596360838452,15.88988894146635
1608,34.555670580623506,16.093690620045614
1609,33.9646541139018,15.770638963953548
1610,34.04249247730058,16.17780454815433
1611,34.54961101795253,16.22731140999319
1612,34.115605818560795,15.947293212368006
1613,34.154667717298175,16.10198038301517
1614,34.32349943647758,16.07454772031079
1615,34.58470471549946,16.546494617261423
1616,33.584540894829374,15.718024183393933
1617,34.00821713573501,16.294583562488672
1618,33.949656963398986,15.995414511514081
1619,33.91932966121269,16.332548030723054
1620,33.98084392659149,16.68184089132131
1621,33.973289447233654,16.341944556501698
1622,34.30919530615867,16.563370313398856
1623,33.92462682321681,16.34647172691197
1624,34.21499420290562,17.07112748606291
1625,34.277083531441775,16.84282938710508
1626,33.902934345225724,16.92426690907934
1627,34.13863467490842,16.338011276861852
1628,34.57035585731292,16.422007157891677
1629,34.1323335736387,16.99405335732621
1630,33.80131582112256,16.701960415162795
1631,33.93891049148051,16.712096738687496
1632,33.63699919042028,16.885619457911215
1633,33.95899265274655,16.51353302022492
1634,34.09611141316032,17.045240986074127
1635,33.53367630962824,16.880832117550995
1636,33.672823510307786,17.019804812582706
1637,34.028515572338364,16.755589096007682
1638,33.48358556571238,17.074289901008267
1639,33.64116495467367,16.791982176251487
1640,33.215812405740046,17.22848697334926
1641,33.22356606758696,17.293450970742533
1642,33.2614657756537,17.259606551946074
1643,34.014378187086066,17.180785181804346
1644,33.1809423208086,17.22958662811929
1645,33.08616717907074,16.41353450677869
1646,33.01714197400382,17.317033532893046
1647,33.07693887069774,17.05750335953318
1648,33.26361960527631,17.166848062459657
1649,33.06373777160655,17.088674896631534
1650,33.564242094362186,16.82769196654413
1651,32.95112802978351,17.05607244138158
1652,33.261515732494956,17.369994002466214
1653,32.85095289786472,17.57370290866303
1654,32.890726322357,17.076997186464386
1655,32.217677638546355,17.019466055792783
1656,32.55506422563019,17.62049210148713
1657,32.51576497381694,17.048361314978674
1658,32.40779498224578,17.79822291006245
1659,31.78013804821883,17.302643790205433
1660,32.63671476353636,17.07865435499819
1661,32.20423189427037,17.554473710370566
1662,32.13824436960316,17.739967956626245
1663,32.14395542884741,16.965545623967216
1664,32.104587178645346,17.720937381064438
1665,32.24941547605098,17.267175238058453
1666,31.702127381166072,17.71480731409507
1667,31.762253783305212,17.253179863437634
1668,32.088962949669806,16.95844591648198
1669,32.007827238338656,17.482066502564397
1670,31.81580044044922,17.591437716607064
1671,31.723621260755902,17.886396549660112
1672,31.61490407370528,17.795318869350155
1673,31.81968073138745,17.539651845397355
1674,32.16595897258303,17.307252567908353
1675,31.47154481663564,17.236779127791188
1676,32.2259135663985,17.292919963709558
1677,32.00487205978365,17.15804429078388
1678,31.601408901061895,17.295731442449238
1679,31.960756821321205,16.72629312674398
1680,31.277565939542917,17.404671929262097
1681,31.19237894621571,17.349736915491594
1682,31.322483848743666,17.994952834783728
1683,31.587150200343345,17.53919318547851
1684,31.61622622901537,17.22499956513531
1685,31.566226996145502,17.4813211651568
1686,31.760683376278422,17.028328935524648
1687,31.10357944977554,17.178294449609638
1688,31.909192470219583,16.85584428427129
1689,31.35445813411355,17.675176851333227
1690,31.604852961797377,17.457424713770422
1691,31.705307440050547,17.00779577497269
1692,31.511538740671945,17.278812419354853
1693,31.479511517050554,17.523275486540832
1694,31.624546685685306,17.40118297746615
1695,31.961479249566683,17.364237679167257
1696,32.18383164997282,17.04517785930309
1697,32.22094885629842,17.091021985941108
1698,31.801193210133103,17.264558802582556
1699,31.912905934066224,17.461032606500815
1700,31.927963689226438,17.013728761165382
1701,32.3957268778248,16.930369356322537
1702,31.709010047240426,17.486316425419105
1703,32.753942052145185,16.957154882492166
1704,32.30188672165944,17.448300744293853
1705,32.27977056200255,17.228923747223526
1706,32.6866999338254,17.377463080903226
1707,32.967141175945194,17.58224826608733
1708,32.834994015823206,17.30720114669757
1709,33.12519010025872,17.31787474483562
1710,32.92901485315763,16.883208403556704
1711,33.33903702371155,16.92765954687607
1712,33.42713118809398,17.25123922556822
1713,33.10907528804668,17.462641742804795
1714,33.6578099301314,17.415972754420526
1715,37.94147706446384,14.676628301254572
1716,36.90991554580107,11.724652340970474
1717,33.22066748726706,17.08572951226118
1718,33.5036787738892,17.27583508235397
1719,33.91802212197037,17.018407069645452
1720,33.38650000389846,16.987617475585658
1721,34.07171945549929,16.731129934699617
1722,34.07882416649091,17.230712066473963
1723,39.37212375827547,13.700528604599036
1724,33.509216305277356,17.091515116437915
1725,34.239457496543245,16.599299954508627
1726,34.56454204570186,17.21909279261058
1727,34.24105109282597,16.679011033754488
1728,34.597015211063955,17.138594368885727
1729,33.95647096704201,16.522224252727227
1730,34.97113679553664,16.801778546146668
1731,34.670543464624274,17.19884985272631
1732,35.22983603055738,16.69583059084811
1733,34.514223286015074,16.90725648902468
1734,35.37271839996442,16.764546316058453
1735,35.19115945421878,16.300910379035855
1736,35.600825970816445,16.949829756980762
1737,35.176113950868654,16.975873981133265
1738,35.362429864321555,16.58632177772267
1739,36.31358188086943,17.002616362637912
1740,35.483363167243176,16.656688349694704
1741,35.610551425894364,16.60168010389543
1742,35.82779219119391,16.851671776724178
1743,35.69069340035832,16.6775571347985
1744,39.407220660406814,13.580387063211573
1745,36.68279057354297,16.45669942607656
1746,41.84604095483917,15.852166479472054
1747,35.80720897057118,17.092395587683438
1748,36.75320127403555,16.35107650499087
1749,36.80840843013261,16.414081016898976
1750,36.79427912076936,16.989697755575364
1751,36.964148760055906,16.731217731537853
1752,36.423796544588946,16.950586576848657
1753,36.69773386055328,17.14326870573142
1754,36.39457766836619,16.769697620925246
1755,36.44312213943322,16.60169285063212
1756,37.218832482824155,16.19090012122646
1757,36.77597239583959,16.930616976613184
1758,37.71152245449743,16.654153863559934
1759,37.09702176785397,16.97213176870518
1760,36.92672582467666,16.95980797860868
1761,37.39923460884898,16.5645433707438
1762,37.73816015684747,17.351029361788584
1763,37.37840110654424,17.200917722158
1764,36.89904295850846,17.152856398772226
1765,37.40393776619687,16.65599774829611
1766,37.73057896582836,16.86222662951904
1767,37.19199367159727,16.839959034973447
1768,37.12674025898515,16.886245108111098
1769,37.679436403361784,16.72278572875303
1770,37.42897075807104,17.126981907804076
1771,37.06551746625223,17.090761951264025
1772,37.288494151147844,17.14055123662993
1773,37.17871796851404,16.939091290133522
1774,37.49418364770131,17.40531391788592
1775,37.43501466055681,17.147079001520687
1776,37.74100670856665,16.433869593388863
1777,37.59953440139457,16.977066335236362
1778,36.90538276184868,17.142195611733037
1779,37.481445469075794,17.417701422126473
1780,37.61048677740159,17.121677510822384
1781,37.45744375361977,17.155376953821136
1782,37.60625003813884,17.073779051541695
1783,37.1062599914985,17.42798925315622
1784,36.95720702080547,17.172343828709046
1785,37.49030145905158,17.156528078757965
1786,36.85804720618767,17.145499893406015
1787,36.493899516338956,17.49431817191848
1788,37.411182409892746,17.2465357835227
1789,36.84601913785376,16.985871036867014
1790,36.92908397867599,17.586021006984403
1791,42.51557903180058,14.283596632187804
1792,36.532747357253946,17.571909385027563
1793,36.53551032100579,17.602865796913562
1794,36.72473759728305,17.83746823612474
1795,36.892853366050474,17.825216515030625
1796,36.04002059116718,17.448198277416818
1797,36.901231411296195,17.578569238303935
1798,36.266018742871566,17.326094792277424
1799,36.24470654893695,18.09686460557206
1800,36.71100334194657,17.817060285110482
1801,36.427491068502015,18.0846495538676
1802,35.93049791682231,17.685938765922543
1803,36.885790453385994,17.283278153696394
1804,36.014774958130694,18.20858413319753
1805,36.28739632045393,17.87922389086562
1806,36.21322763640139,17.91970746681207
1807,36.51666446757162,17.930903074255003
1808,35.896646219492816,18.108972356840937
1809,36.27605694454514,18.111975073004363
1810,35.6916764995527,17.612047743667627
1811,36.19195248048844,18.312478305192457
1812,35.56807232084057,17.93965314698355
1813,35.63066762406408,17.986310385164106
1814,36.251315922315314,18.566135121811758
1815,35.72176880969128,18.39562838135355
1816,35.604833692913004,18.112138912687392
1817,36.19094618226561,17.763750152710493
1818,35.57447829511228,18.29936727611558
1819,35.17040008896062,18.42465918503701
1820,35.586343077290266,18.300806807510604
1821,34.963818051153126,18.040265326861594
1822,35.610947385598344,18.184807329023073
1823,35.590243676698925,18.099229083435883
1824,35.01453073669365,18.497270469940624
1825,34.95808553144023,18.678475769692664
1826,35.16161034242143,18.75996614051407
1827,35.07736643116869,18.35033059876803
1828,34.74662111775917,18.621673223844653
1829,35.179593071789434,18.730703908083154
1830,34.36835631025709,18.493391263007624
1831,34.825403673085425,18.612748882092518
1832,34.8110849389896,19.209227429456682
1833,34.83002528901168,18.757597736776265
1834,34.98670627128999,18.95476732826675
1835,34.5115228735229,18.65266784221498
1836,35.04478635256745,18.798786863177273
1837,34.8054502832013,18.386343054626018
1838,34.65870471892166,18.834827074631836
1839,34.44104433886026,19.16490988913213
1840,34.49656786546723,19.41687307437208
1841,34.96312372968097,19.216164826479257
1842,34.57254075504581,19.11310916322512
1843,34.89078915230383,18.978548119316063
1844,35.20313961296237,18.83873509277031
1845,35.21054499748859,18.971575989424316
1846,35.388277157439305,19.18725366968769
1847,34.853875248959916,18.85963263199429
1848,34.64301885402636,19.3105353287749
1849,35.30370743170706,18.852012378843206
1850,35.12258863421487,18.673459412218552
1851,35.40220242228638,18.884906939042285
1852,35.106771352174626,18.740671273823388
1853,35.503683701435456,18.83243231825159
1854,35.44350509100691,19.476456721938074
1855,35.45213836145972,19.160692534158684
1856,35.43887224249893,19.282076022755973
1857,35.460659476192376,19.533046959136517
1858,35.46767236448424,19.57376317574993
1859,35.52476454966481,19.147684577097504
1860,35.816038556060484,19.620192492427275
1861,35.430063047923475,19.397786839628285
1862,36.17165706344107,19.315420048645635
1863,35.68891547010618,19.437426365256346
1864,36.08870201382005,18.9821683137851
1865,35.840692863576585,19.15308157947239
1866,35.87073455602502,19.332960774905224
1867,36.63357606677241,19.522170073270225
1868,36.012374925345874,19.28583967561983
1869,35.80529551889827,19.355480337029032
1870,36.059424295731546,19.63749099111775
1871,36.26547087453723,19.755241791736776
1872,37.09588188475506,19.60064800365296
1873,36.601621046692514,19.73188609746543
1874,36.911750677891284,19.31897769028553
1875,36.42395674211711,19.348121509956776
1876,36.92456002312777,19.50836178015715
1877,37.11568365409256,19.356934323010993
1878,37.55119193185951,19.30824096822442
1879,42.02364750180775,16.929488458537882
1880,37.387190613908786,19.38857292017905
1881,43.91609393115341,15.764947058871023
1882,37.09758862758501,19.56221641186904
1883,37.497875257020716,19.899206360765138
1884,37.52452876904369,19.459790213011214
1885,37.005942998037646,19.746210902848784
1886,37.983129063609915,19.32714524109552
1887,38.06544342518826,19.31148868981321
1888,37.87127067624799,19.259053847328172
1889,37.70057457628771,19.392341994608632
1890,38.64478410470193,19.883472686046414
1891,38.3786550894227,19.131221973948595
1892,38.70113508371569,19.824646937383374
1893,38.91560094595122,19.158011975226433
1894,38.43160021094811,19.346016802604726
1895,38.92575400075233,19.607336833373452
1896,38.702747126189365,19.549463019051622
1897,38.847943462652104,19.45551514447473
1898,38.93115705972118,18.965396063440473
1899,39.04498502044365,19.460660871147443
1900,39.466403333685165,19.106526918797897
1901,39.25438680380945,19.99602863245313
1902,39.254226664513986,19.291811794039944
1903,39.2984769783843,19.3834178999569
1904,39.562810032363906,19.04035040266864
1905,39.26872463758589,19.197829990495155
1906,39.46085760688178,18.9850680825685
1907,39.66805471116823,19.543262852964833
1908,39.58359848838812,19.22222836811401
1909,39.784875207845694,19.41803775445458
1910,39.70162574757841,19.095704774160566
1911,40.547791478217185,19.13089179064781
1912,40.40430550644861,19.56741417586444
1913,40.19673150990306,18.991522186144046
1914,40.098936473245935,18.773065089959278
1915,40.8225918014358,19.31389012191903
1916,40.309604766765204,18.915843535018602
1917,40.23099363725709,19.0801191853641
1918,40.3892467312228,19.40667222524652
1919,40.4282524280351,18.962918992789014
1920,40.794595492203015,19.375992933815244
1921,40.39768750693496,18.974926423000767
1922,41.0618781163539,19.50681432340206
1923,40.19299114147673,19.45441104049841
1924,40.68813370499367,18.9943752316883
1925,40.19849228416712,19.048123162653177
1926,41.06009424332384,18.882788854727412
1927,40.42852644708335,19.130271153396727
1928,40.51979152991545,19.35723541125067
1929,40.82090844054995,18.698118589050637
1930,46.54043779099933,12.744048248557979
1931,40.21345502955034,18.709206022569685
1932,40.440220620751305,18.815813803489828
1933,40.119595470991165,18.57463737707679
1934,40.57026361754063,19.538902276421723
1935,40.48670181001472,19.018744442410487
1936,40.39756786807573,19.056977946683695
1937,40.2791929608527,18.818816074025943
1938,40.34825183295462,19.246992709595904
1939,40.21687150554623,18.447229985133603
1940,40.57358808494113,18.972846529278716
1941,40.841210476904415,19.511415691592095
1942,39.776228213994564,18.858188770770713
1943,40.2872507861294,18.95238508495168
1944,40.16084614932808,19.110994856099133
1945,40.39601512241588,18.735368753280984
1946,39.922624305321115,18.9397074343186
1947,40.12201275370994,19.17049264181375
1948,39.80989369248373,18.975585033211832
1949,40.28474995825444,19.01698499944596
1950,40.05773930096255,18.83465020087473
1951,39.93008633729511,18.999210350459048
1952,40.038623439200464,18.933094238060907
1953,39.80124050468199,19.28231348436606
1954,39.35535351385541,19.099601763539557
1955,39.945347002889804,18.858109217234666
1956,39.79717053980695,18.308432450005505
1957,39.60758223979128,19.10075952682793
1958,39.891578250843594,19.112933981661353
1959,39.903246419785056,18.6977813740711
1960,39.15103770770204,18.430915831307924
1961,39.18497852289489,18.649170470833162
1962,39.8237468801369,19.170903857202717
1963,39.72528564564287,18.678520695219287
1964,39.018117481665456,18.83582341255217
1965,38.825492313863094,19.01242475882775
1966,38.92869741851732,19.27067579932438
1967,38.91111512673015,18.967940600302754
1968,38.5263597236559,18.955919624312894
1969,38.95253246987704,18.852982470605372
1970,38.50143025710689,19.407678952106767
1971,38.46549178694832,19.276967006817504
1972,39.04751146052417,18.99780452426005
1973,38.5128611734754,18.684187851570005
1974,38.64270235670709,18.848147175290954
1975,38.80050356928769,19.20361438445383
1976,38.804793806517814,18.892033691488678
1977,38.41030694140952,19.309761835818357
1978,38.47688013861236,19.19197613385655
1979,38.17000894745754,19.190315149488935
1980,38.89769004532393,19.296672107758447
1981,38.52626865036275,19.27472864408529
1982,37.960181010864034,18.953664004784624
1983,38.25439744285636,19.10397675583642
1984,38.43152327757578,19.788956000985987
1985,38.3278985360805,18.92118952796592
1986,44.43346182219398,14.757764950620466
1987,38.53636291914748,19.529599312715803
1988,37.93700874387669,19.24421080017315
1989,38.0488375916579,19.10239373777994
1990,37.67064707410109,18.996565884733908
1991,38.112254589647485,19.483827191044544
1992,38.06788596525589,19.627768564680185
1993,38.82169294365754,19.74624652242476
1994,38.03094762217139,19.43368801173689
1995,37.36773130191646,19.705932837703553
1996,37.79115945785042,19.21135960209118
1997,38.02665168730594,19.536959473182733
1998,37.619418725629885,19.351402844074176
1999,37.74247902153343,19.59042644275844
